Origin,Destination,Duration
AAL,STN,100
AAR,STN,95
AAR,GDN,65
ABZ,AGP,205
ABZ,ALC,195
ABZ,FAO,205
AGA,STN,225
AGA,MRS,180
AGA,NRN,240
AGA,CRL,220
AGA,MAN,225
AHO,STN,145
AHO,BLQ,70
AHO,BTS,115
AHO,CRL,115
AHO,BGY,75
AHO,PSA,70
ALC,VXO,210
ALC,ORK,160
ALC,LTN,150
ALC,KRK,200
ALC,CRL,140
ALC,BGY,130
ALC,KIR,165
ALC,WRO,190
ALC,DUB,170
ALC,BHX,155
ALC,STN,155
ALC,NRN,160
ALC,BRU,145
ALC,MXP,130
ALC,BRS,145
ALC,SCQ,90
ALC,GLA,185
ALC,BRE,175
ALC,FRA,160
ALC,NQY,145
ALC,PED,170
ALC,EIN,150
ALC,KUN,230
ALC,FKB,145
ALC,GDN,220
ALC,SVQ,70
ALC,MRS,95
ALC,BLQ,130
ALC,LPL,165
ALC,BLL,195
ALC,POZ,195
ALC,LGW,150
ALC,MAN,160
ALC,VST,235
ALC,NCL,175
ALC,WMI,215
ALC,BVA,129
ALC,MST,155
ALC,GOT,210
ALC,CGN,160
ALC,FMM,145
ALC,NUE,150
ALC,SNN,160
ALC,OPO,95
ALC,LBA,165
ALC,EDI,190
ALC,TRF,220
ALC,CPH,205
ALC,HAU,215
ALC,HAM,180
ALC,PIK,175
ALC,NOC,180
ALC,BOH,150
ALC,EMA,155
LEI,STN,165
LEI,CRL,160
LEI,MAN,170
LEI,DUB,175
AMM,OTP,160
AMM,BLQ,215
AMM,BRU,275
AMM,PRG,230
AMM,MLA,195
AMM,WMI,245
AMM,BGY,230
AMM,VIE,220
AMM,PFO,75
AMM,BUD,205
AMS,AGP,190
AMS,DUB,105
AOI,CRL,105
AOI,STN,135
AOI,NRN,110
AQJ,CIA,215
AQJ,CGN,285
ATH,LTN,235
ATH,KRK,140
ATH,CRL,190
ATH,BGY,145
ATH,KBP,160
ATH,WRO,100
ATH,DUB,255
ATH,STN,210
ATH,KTW,145
ATH,FRA,170
ATH,CTA,105
ATH,BLQ,135
ATH,JTR,50
ATH,WMI,160
ATH,BUD,120
ATH,MLA,105
ATH,VNO,180
BNX,CRL,120
BNX,FMM,75
BCN,LTN,125
BCN,KRK,165
BCN,CRL,115
BCN,VGO,100
BCN,BGY,95
BCN,PMI,50
BCN,AGP,100
BCN,KBP,230
BCN,DUB,145
BCN,BHX,130
BCN,STN,130
BCN,BRU,120
BCN,SCQ,105
BCN,NAP,120
BCN,RAK,150
BCN,FRA,130
BCN,VIE,145
BCN,LUX,115
BCN,SDR,80
BCN,TFS,205
BCN,TFN,205
BCN,SVQ,100
BCN,BLQ,105
BCN,LPL,160
BCN,LPA,200
BCN,MAN,140
BCN,VCE,115
BCN,WMI,190
BCN,MAH,55
BCN,FCO,115
BCN,BVA,105
BCN,GOT,185
BCN,SOF,185
BCN,CGN,130
BCN,IBZ,55
BCN,NDR,110
BCN,VLL,80
BCN,FUE,190
BCN,BUD,155
BCN,OPO,105
BCN,EDI,160
BCN,PRG,145
BCN,MLA,125
BCN,FEZ,120
BCN,HAM,155
BCN,PIK,170
BCN,XRY,105
BCN,EMA,140
BCN,VNO,210
BCN,TRN,85
GRO,ORK,135
GRO,KRK,160
GRO,CRL,110
GRO,PSR,110
GRO,WRO,150
GRO,DUB,145
GRO,STN,130
GRO,NRN,130
GRO,BRU,115
GRO,BRS,130
GRO,RIX,205
GRO,FKB,110
GRO,HHN,110
GRO,POZ,150
GRO,BVA,100
GRO,FMM,105
GRO,LBA,140
GRO,PSA,85
GRO,BOH,115
REU,STN,135
REU,LPL,145
REU,ORK,140
REU,CRL,125
REU,MAN,145
REU,EIN,135
REU,EMA,135
REU,SNN,155
REU,GDN,185
REU,DUB,155
REU,BHX,135
BRI,CRL,135
BRI,BGY,90
BRI,DUB,205
BRI,STN,175
BRI,NRN,145
BRI,FKB,115
BRI,VLC,145
BRI,HHN,130
BRI,SVQ,175
BRI,BLQ,75
BRI,FCO,65
BRI,MAD,170
BRI,BVA,140
BRI,MST,135
BRI,NUE,115
BRI,GOA,85
BRI,BUD,90
BRI,PRG,115
BRI,MLA,75
BRI,CAG,80
BRI,PSA,85
BRI,BOD,150
BRI,TRS,75
BRI,TRN,95
BSL,DUB,125
EGC,STN,100
EGC,LPL,105
EGC,CRL,85
BZR,BVA,90
BZR,STN,115
BZR,NRN,100
BZR,EDI,145
BZR,MAN,125
BIQ,CRL,100
BIQ,STN,115
BIQ,DUB,125
BLL,STN,95
BLL,EDI,100
BLL,PRG,90
BLL,MLA,200
BLL,POZ,75
BLL,BGY,120
BLL,PMI,175
BLL,AGP,215
BLL,PSA,135
BLL,BUD,125
BHX,KRK,160
BHX,BTS,155
BHX,LPA,265
BHX,WMI,165
BHX,PGF,120
BHX,MAD,140
BHX,PMI,140
BHX,AGP,180
BHX,SOF,210
BHX,ACE,255
BHX,IBZ,150
BHX,FUE,255
BHX,DUB,70
BHX,CFU,195
BHX,OPO,140
BHX,KTW,160
BHX,MLA,195
BHX,RMU,165
BHX,FAO,170
BHX,BZG,145
BHX,TFS,270
BHX,VNO,170
BHX,GDN,130
BHX,VRN,120
BJV,DUB,280
BLQ,CRV,95
BLQ,LTN,130
BLQ,KRK,105
BLQ,CRL,95
BLQ,PMI,105
BLQ,AGP,155
BLQ,RHO,160
BLQ,WRO,100
BLQ,DUB,165
BLQ,STN,120
BLQ,OTP,130
BLQ,VIE,80
BLQ,PMO,90
BLQ,SKG,115
BLQ,CTA,100
BLQ,EIN,95
BLQ,SUF,90
BLQ,TFS,265
BLQ,VLC,115
BLQ,MRS,75
BLQ,SVQ,160
BLQ,LPA,265
BLQ,MAN,145
BLQ,WMI,125
BLQ,MAD,135
BLQ,BVA,95
BLQ,CGN,90
BLQ,ACE,245
BLQ,IBZ,115
BLQ,TPS,95
BLQ,BDS,85
BLQ,OPO,160
BLQ,EDI,165
BLQ,PRG,80
BLQ,MLA,110
BLQ,CPH,130
BLQ,LIS,170
BLQ,CAG,80
BLQ,BOD,110
BOD,VLC,85
BOD,MRS,75
BOD,SVQ,110
BOD,ORK,110
BOD,KRK,160
BOD,CRL,90
BOD,MAN,105
BOD,BGY,100
BOD,DUB,110
BOD,TNG,120
BOD,STN,105
BOD,OPO,95
BOD,EDI,125
BOD,NAP,125
BOD,FEZ,130
BOD,RAK,155
BOD,LIS,110
BOD,TSF,110
BOH,KRK,160
BOH,LPA,245
BOH,RMU,145
BOH,FAO,155
BOH,PMI,135
BOH,AGP,155
BOH,TFS,250
BOH,DUB,80
BTS,DLM,155
BTS,CRL,110
BTS,MAN,150
BTS,BGY,85
BTS,PMI,150
BTS,KBP,115
BTS,DUB,165
BTS,STN,130
BTS,LBA,145
BTS,EDI,160
BTS,MLA,134
BTS,SKG,100
BTS,EIN,105
BTS,CIA,100
BTS,PFO,170
BRE,PMI,150
BRE,AGP,200
BRE,STN,80
BRE,OPO,175
BRE,ZAD,115
BRE,VNO,109
BES,MRS,110
BDS,CRL,150
BDS,MAN,185
BDS,BGY,95
BDS,FCO,75
BDS,BVA,145
BDS,STN,170
BDS,FRA,135
BDS,VIE,90
BDS,EIN,145
BDS,TSF,85
BDS,PSA,85
BDS,VRN,85
BDS,TRN,100
BRS,KRK,160
BRS,BGY,120
BRS,PMI,135
BRS,AGP,170
BRS,WRO,130
BRS,DUB,65
BRS,OTP,215
BRS,RZE,160
BRS,FAO,155
BRS,KUN,165
BRS,TFS,255
BRS,GDN,135
BRS,VLC,135
BRS,LPA,250
BRS,POZ,125
BRS,WMI,160
BRS,SOF,215
BRS,CGN,85
BRS,ACE,240
BRS,IBZ,145
BRS,BUD,165
BRS,NOC,75
BVE,STN,95
BVE,OPO,105
BRQ,STN,120
BRU,VLC,150
BRU,FCO,140
BRU,MAD,145
BRU,PMI,135
BRU,AGP,175
BRU,DUB,100
BRU,OPO,150
BRU,MXP,95
BRU,RAK,215
BRU,LIS,170
CRL,KRK,120
CRL,PMI,140
CRL,CCF,105
CRL,DUB,100
CRL,ZAD,110
CRL,GLA,95
CRL,RAK,215
CRL,PMO,155
CRL,SUF,150
CRL,SDR,110
CRL,TFS,270
CRL,ZAZ,120
CRL,RBA,190
CRL,MRS,105
CRL,LPA,260
CRL,MAN,80
CRL,PGF,110
CRL,MAD,145
CRL,SOF,170
CRL,NDR,175
CRL,FUE,255
CRL,EDI,100
CRL,FEZ,185
CRL,CPH,100
CRL,CAG,140
CRL,TSF,95
CRL,TRN,90
CRL,CIY,165
CRL,BGY,90
CRL,PSR,125
CRL,AGP,170
CRL,TLS,105
CRL,RHO,210
CRL,WRO,105
CRL,TNG,180
CRL,OTP,180
CRL,RIX,155
CRL,NAP,145
CRL,FAO,170
CRL,PUY,110
CRL,PEG,110
CRL,SKG,180
CRL,OUD,180
CRL,FSC,120
CRL,RJK,105
CRL,VRN,95
CRL,VLC,140
CRL,SVQ,165
CRL,WMI,130
CRL,TGD,150
CRL,RDZ,85
CRL,ACE,255
CRL,IBZ,155
CRL,BUD,130
CRL,CFU,160
CRL,OPO,145
CRL,CHQ,200
CRL,PRG,90
CRL,FNI,100
CRL,MLA,175
CRL,LIS,165
CRL,PSA,110
CRL,CIA,130
CRL,VNO,155
OTP,MRS,155
OTP,TSR,60
OTP,BGY,135
OTP,PSR,110
OTP,MAD,230
OTP,DUB,225
OTP,STN,190
OTP,MXP,135
OTP,VIE,95
OTP,PMO,135
OTP,CIA,125
OTP,PFO,130
BUD,BGY,90
BUD,AGP,200
BUD,DUB,180
BUD,STN,140
BUD,NAP,100
BUD,PMO,120
BUD,SKG,95
BUD,PFO,180
BUD,VLC,170
BUD,MRS,120
BUD,SVQ,210
BUD,LPA,310
BUD,MAN,155
BUD,MAD,195
BUD,BVA,130
BUD,NUE,80
BUD,CFU,100
BUD,EDI,170
BUD,PRG,70
BUD,MLA,140
BUD,CPH,110
BUD,CAG,125
BUD,TSF,75
BUD,PSA,95
BUD,CIA,100
BUD,EMA,155
BOJ,KRK,115
BOJ,WMI,125
BZG,STN,120
BZG,LTN,130
BZG,KBP,105
BZG,DUB,155
CAG,KRK,145
CAG,BGY,85
CAG,PMF,80
CAG,DUB,190
CAG,STN,160
CAG,CTA,80
CAG,CUF,80
CAG,VRN,85
CAG,VLC,100
CAG,SVQ,140
CAG,MAD,130
CAG,BVA,130
CAG,MLA,80
CAG,OPO,150
CAG,TSF,90
CAG,PSA,70
CAG,CIA,65
CCF,STN,115
CCF,OPO,105
CCF,EDI,145
CCF,EMA,115
CCF,MAN,125
CCF,DUB,135
CWL,FAO,155
CWL,DUB,55
CDT,STN,145
CTA,BGY,110
CTA,MXP,115
CTA,VIE,135
CTA,FRA,150
CTA,PEG,85
CTA,EIN,160
CTA,MRS,120
CTA,SVQ,170
CTA,FCO,75
CTA,MAD,170
CTA,MLA,45
CTA,PSA,90
CTA,TRS,100
CTA,TRN,110
CHQ,HHN,205
CHQ,KRK,160
CHQ,MAN,255
CHQ,WMI,175
CHQ,BGY,160
CHQ,FCO,140
CHQ,WRO,175
CHQ,DUB,275
CHQ,STN,240
CHQ,LBA,250
CHQ,NRN,210
CHQ,SKG,75
CHQ,PFO,95
CHQ,EMA,250
CFE,OPO,120
CGN,BGY,90
CGN,PMI,145
CGN,AGP,180
CGN,DUB,115
CGN,STN,75
CGN,RIX,140
CGN,ZAD,105
CGN,RAK,230
CGN,FAO,190
CGN,PMO,155
CGN,TFS,270
CGN,VLC,150
CGN,SVQ,170
CGN,LPA,275
CGN,MAN,95
CGN,WMI,115
CGN,MAD,145
CGN,SOF,160
CGN,OPO,155
CGN,MLA,175
CGN,CPH,90
CGN,TSF,95
CGN,CIA,125
CIY,MXP,115
CIY,BGY,115
CIY,FCO,80
CIY,PSA,95
CPH,BGY,125
CPH,MAD,200
CPH,AGP,230
CPH,DUB,130
CPH,STN,105
CPH,OPO,195
CPH,EDI,110
CPH,PRG,85
CPH,NAP,155
CPH,SKG,170
CPH,KUN,85
CFU,POZ,145
CFU,MAN,205
CFU,WMI,144
CFU,BGY,120
CFU,STN,195
CFU,EDI,225
CFU,CIA,90
CFU,EMA,205
CFU,VNO,170
ORK,LPL,70
ORK,LTN,75
ORK,LPA,240
ORK,POZ,170
ORK,LGW,75
ORK,BGY,145
ORK,PMI,150
ORK,AGP,170
ORK,ACE,240
ORK,STN,85
ORK,FAO,155
ORK,TFS,240
ORK,GDN,190
CRV,BGY,105
DLM,DUB,285
DLE,OPO,135
DLE,FEZ,160
DLE,RAK,185
DTM,STN,75
DTM,OPO,165
DTM,KRK,105
DTM,SKG,170
DTM,PMI,135
DTM,AGP,185
DUB,LDE,125
DUB,LTN,75
DUB,KRK,185
DUB,LCJ,175
DUB,PMI,160
DUB,TUF,100
DUB,KBP,245
DUB,STN,85
DUB,KTW,180
DUB,ZAD,170
DUB,RAK,220
DUB,GLA,60
DUB,LUZ,175
DUB,VIE,180
DUB,PMO,200
DUB,LUX,110
DUB,EIN,110
DUB,KUN,200
DUB,SDR,120
DUB,TFS,265
DUB,LPL,50
DUB,NTE,105
DUB,LPA,265
DUB,MAN,60
DUB,NCL,70
DUB,MAD,165
DUB,NCE,160
DUB,SOF,225
DUB,FUE,260
DUB,LBA,60
DUB,EDI,70
DUB,LRH,105
DUB,RMU,170
DUB,TSF,170
DUB,TRN,155
DUB,SZG,165
DUB,BGY,165
DUB,AGP,190
DUB,SZZ,145
DUB,TLL,185
DUB,WRO,165
DUB,RIX,195
DUB,NAP,205
DUB,RZE,195
DUB,FRA,130
DUB,FAO,185
DUB,SKG,230
DUB,PFO,330
DUB,GDN,175
DUB,VLC,170
DUB,SVQ,185
DUB,POZ,160
DUB,GNB,145
DUB,LGW,80
DUB,WMI,180
DUB,BVA,95
DUB,GOT,140
DUB,FMM,150
DUB,ACE,255
DUB,IBZ,170
DUB,OPO,150
DUB,PRG,145
DUB,MLA,235
DUB,LIS,175
DUB,HAM,125
DUB,PSA,155
DUB,CIA,200
DUB,EMA,65
DUB,VNO,200
NRN,PSR,115
NRN,PMI,140
NRN,AGP,180
NRN,TNG,190
NRN,ZAD,115
NRN,FAO,185
NRN,PMO,155
NRN,SKG,160
NRN,LWO,130
NRN,TFS,280
NRN,OUD,195
NRN,RBA,205
NRN,ACE,260
NRN,IBZ,150
NRN,NDR,185
NRN,FUE,265
NRN,OPO,155
NRN,EDI,95
NRN,FEZ,200
EMA,KRK,155
EMA,BGY,130
EMA,PMI,145
EMA,AGP,180
EMA,RHO,245
EMA,WRO,140
EMA,RIX,155
EMA,RZE,150
EMA,FAO,175
EMA,TFS,265
EMA,VLC,145
EMA,LPA,265
EMA,WMI,160
EMA,MAH,145
EMA,LIG,95
EMA,ACE,250
EMA,FUE,255
EMA,RMU,165
EMA,TSF,130
EMA,NOC,70
EMA,PSA,135
EDI,KRK,175
EDI,BGY,160
EDI,PMI,175
EDI,AGP,205
EDI,TLS,145
EDI,TLL,155
EDI,WRO,150
EDI,RIX,155
EDI,FAO,200
EDI,EIN,95
EDI,KUN,170
EDI,SDR,140
EDI,TFS,300
EDI,GDN,150
EDI,VLC,175
EDI,SVQ,195
EDI,MRS,145
EDI,NTE,110
EDI,LPA,285
EDI,POZ,130
EDI,WMI,170
EDI,GOT,105
EDI,SOF,225
EDI,ACE,280
EDI,IBZ,180
EDI,FUE,280
EDI,OPO,160
EDI,PRG,140
EDI,MLA,225
EDI,PIS,115
EDI,LIS,200
EDI,HAM,100
EDI,TSF,150
EDI,PSA,160
EDI,CIA,195
EIN,KRK,120
EIN,BGY,100
EIN,PMI,135
EIN,AGP,180
EIN,STN,65
EIN,NAP,135
EIN,RAK,220
EIN,FAO,185
EIN,SKG,165
EIN,VLC,145
EIN,MRS,110
EIN,SVQ,170
EIN,MAN,80
EIN,WMI,125
EIN,MAD,155
EIN,SOF,170
EIN,OPO,155
EIN,MLA,185
EIN,FEZ,195
EIN,LIS,175
EIN,TSF,95
EIN,PSA,110
EXT,AGP,150
FAO,LTN,165
FAO,BGY,170
FAO,KIR,160
FAO,STN,175
FAO,FRA,195
FAO,NQY,150
FAO,VIE,205
FAO,MRS,135
FAO,LPL,175
FAO,MAN,175
FAO,NCL,190
FAO,WMI,240
FAO,BVA,155
FAO,FMM,170
FAO,SNN,165
FAO,OPO,65
FAO,LBA,180
FAO,PIK,190
FAO,NOC,175
FEZ,VLC,85
FEZ,MRS,135
FEZ,HHN,195
FEZ,SVQ,65
FEZ,NTE,145
FEZ,BGY,165
FEZ,MAD,95
FEZ,BVA,170
FEZ,TLS,125
FEZ,STN,190
FEZ,FNI,135
FEZ,TSF,175
FEZ,PSA,155
FEZ,TRN,160
FSC,BVA,120
HHN,KIR,125
HHN,PSR,105
HHN,PMI,125
HHN,PDL,265
HHN,SCQ,145
HHN,NAP,125
HHN,RAK,220
HHN,SKG,150
HHN,SUF,135
HHN,TFS,270
HHN,IBZ,140
HHN,NDR,180
HHN,TPS,140
HHN,CIA,115
HHN,VNO,145
FRA,VLC,155
FRA,KRK,105
FRA,BGY,85
FRA,PMI,145
FRA,AGP,185
FRA,ACE,275
FRA,STN,95
FRA,TFS,295
FUE,SVQ,125
FUE,LPL,250
FUE,LTN,240
FUE,MAN,255
FUE,BGY,250
FUE,MAD,165
FUE,SNN,240
FUE,STN,250
FUE,LBA,250
FUE,VIE,290
FUE,PSA,255
GDN,VXO,60
GDN,KRK,70
GDN,MAN,135
GDN,NCL,135
GDN,BGY,125
GDN,KBP,120
GDN,WRO,65
GDN,STN,125
GDN,LBA,130
GDN,TRF,85
GDN,MLA,195
GDN,PSA,140
GOA,STN,125
GLA,KRK,155
GLA,WMI,150
GLA,AGP,205
GLA,WRO,145
PIK,LPA,275
PIK,RMU,180
PIK,PMI,165
PIK,AGP,200
PIK,ACE,260
PIK,TFS,295
LPA,LTN,255
LPA,KRK,310
LPA,BGY,260
LPA,STN,265
LPA,MXP,255
LPA,SCQ,170
LPA,VIE,305
LPA,VLC,175
LPA,SVQ,140
LPA,MAN,265
LPA,MAD,180
LPA,OPO,155
LPA,TSF,270
GNB,STN,100
GOT,KRK,105
GOT,MAN,115
GOT,WMI,90
GOT,BGY,140
GOT,PMI,190
GOT,AGP,245
GOT,STN,115
GOT,PRG,100
GOT,ZAD,140
GOT,PSA,155
HAM,VLC,175
HAM,MAN,100
HAM,BGY,105
HAM,PMI,170
HAM,AGP,210
HAM,STN,90
HAM,OPO,175
HAM,ZAD,120
HAU,AGP,240
HER,MXP,170
HER,BGY,165
IBZ,BGY,110
IBZ,AGP,80
IBZ,STN,150
IBZ,VIE,145
IBZ,VLC,50
IBZ,SVQ,80
IBZ,MRS,85
IBZ,LPL,160
IBZ,MAN,155
IBZ,FCO,100
IBZ,MAD,80
IBZ,LBA,155
IBZ,PSA,95
XRY,STN,170
FKB,SVQ,165
FKB,PMI,115
FKB,SOF,135
FKB,AGP,165
FKB,TLV,250
FKB,TPS,120
FKB,STN,85
FKB,OPO,155
FKB,ZAD,90
FKB,LIS,170
FKB,SUF,125
KTW,STN,125
KUN,LTN,155
KUN,RMI,150
KUN,PMI,210
KUN,RHO,190
KUN,SNN,190
KUN,STN,150
KUN,MXP,145
KUN,NAP,160
KUN,PFO,215
EFL,STN,205
KIR,STN,85
KIR,LTN,90
NOC,STN,95
NOC,LPL,65
NOC,LTN,85
NOC,BGY,160
NOC,AGP,175
KRK,BGY,105
KRK,PSR,105
KRK,PMI,170
KRK,AGP,220
KRK,TLV,240
KRK,KBP,100
KRK,SZZ,65
KRK,STN,135
KRK,NAP,120
KRK,VIE,60
KRK,LWO,60
KRK,SUF,130
KRK,TFS,335
KRK,PFO,195
KRK,VLC,185
KRK,SVQ,220
KRK,MRS,140
KRK,LPL,150
KRK,MAN,150
KRK,MAD,195
KRK,BVA,130
KRK,NUE,85
KRK,SNN,175
KRK,OPO,215
KRK,LBA,145
KRK,TRF,120
KRK,PRG,70
KRK,MLA,160
KRK,LIS,230
KRK,TSF,95
KRK,PSA,110
KRK,CIA,125
KBP,POZ,105
KBP,MAN,210
KBP,WMI,90
KBP,MLA,195
KBP,SOF,115
KBP,WRO,110
KBP,STN,185
KBP,PFO,170
KBP,VNO,125
LRH,STN,85
LRH,OPO,95
SUF,BGY,100
SUF,STN,185
SUF,MXP,105
SUF,MLA,55
SUF,TSF,95
SUF,PSA,85
ACE,VLC,150
ACE,SVQ,125
ACE,LPL,245
ACE,LTN,245
ACE,MAN,250
ACE,NCL,255
ACE,BGY,250
ACE,FCO,240
ACE,MAD,165
ACE,SNN,240
ACE,STN,255
ACE,LBA,260
ACE,SCQ,160
ACE,VIE,285
LPP,BGY,184
LCA,VIE,205
LBA,WMI,140
LBA,PMI,155
LBA,AGP,185
LBA,LIG,105
LBA,WRO,125
LBA,RIX,180
LBA,TFS,275
LBA,VNO,185
LIL,OPO,140
LIL,MRS,95
LIG,STN,95
LIG,MAN,100
LIS,BGY,175
LIS,TLS,115
LIS,PDL,135
LIS,WRO,220
LIS,STN,170
LIS,TER,140
LIS,NAP,200
LIS,LUX,170
LIS,MRS,140
LIS,MAN,165
LIS,WMI,250
LIS,BVA,150
LIS,MLA,195
LIS,PSA,160
LIS,CIA,185
LPL,POZ,125
LPL,WMI,170
LPL,PMI,150
LPL,AGP,180
LPL,SOF,220
LPL,WRO,150
LPL,OPO,145
LPL,TFS,275
LPL,VNO,170
LCJ,STN,130
LGW,SNN,90
LTN,AGP,170
LTN,MLA,195
LTN,RZE,155
LTN,RMU,165
LTN,TFS,270
LTN,VNO,180
STN,LDE,120
STN,PMI,160
STN,TUF,80
STN,PLQ,150
STN,MXP,125
STN,SCQ,130
STN,ZAD,140
STN,RAK,225
STN,PMO,190
STN,VIE,140
STN,LUX,80
STN,LWO,170
STN,SDR,110
STN,TFS,275
STN,ZAZ,135
STN,RBA,195
STN,MRS,120
STN,NTE,80
STN,VST,140
STN,PGF,120
STN,NCE,125
STN,MAD,150
STN,SOF,200
STN,NUE,100
STN,SNN,90
STN,TRF,110
STN,PIS,90
STN,RMU,160
STN,TSF,130
STN,TRS,125
STN,TRN,120
STN,SZG,120
STN,BGY,130
STN,PSR,140
STN,OSR,125
STN,AGP,180
STN,OSL,135
STN,PDV,210
STN,TLS,120
STN,RHO,235
STN,PDL,250
STN,SZZ,105
STN,TLL,170
STN,WRO,130
STN,SZY,130
STN,RIX,175
STN,RZE,160
STN,NAP,170
STN,PUY,125
STN,PEG,140
STN,SKG,205
STN,PFO,290
STN,RJK,135
STN,VRN,130
STN,VLC,155
STN,SVQ,175
STN,POZ,130
STN,WMI,150
STN,TGD,180
STN,FMM,105
STN,OPO,150
STN,PRG,120
STN,MLA,205
STN,PSA,145
STN,CIA,165
STN,VNO,170
LDE,MLA,150
LDE,CIA,115
LDE,BGY,100
LUX,SVQ,160
LUX,OPO,145
LUX,MLA,150
LUX,BGY,80
LUX,MAD,140
LUX,PMI,120
LWO,FMM,115
LWO,WMI,65
MAD,BGY,145
MAD,PMI,85
MAD,TNG,90
MAD,SCQ,75
MAD,NAP,165
MAD,RAK,125
MAD,PMO,165
MAD,VIE,185
MAD,TFS,175
MAD,TFN,175
MAD,RBA,100
MAD,MRS,105
MAD,MAN,145
MAD,WMI,220
MAD,BVA,125
MAD,SOF,230
MAD,OPO,70
MAD,PRG,165
MAD,MLA,170
MAD,PSA,140
AGP,BGY,155
AGP,PMI,90
AGP,WRO,200
AGP,SCQ,95
AGP,NAP,170
AGP,VIE,195
AGP,SDR,90
AGP,MRS,120
AGP,MAN,175
AGP,NCL,185
AGP,VST,250
AGP,WMI,245
AGP,FCO,170
AGP,FMM,170
AGP,NUE,175
AGP,SNN,165
AGP,TRF,250
AGP,PRG,200
AGP,TSF,170
MLA,MRS,120
MLA,NTE,160
MLA,MAN,205
MLA,TLV,165
MLA,TSF,115
MLA,TRN,120
MLA,BGY,115
MLA,PSR,95
MLA,TLS,140
MLA,TLL,230
MLA,WRO,155
MLA,RIX,215
MLA,VIE,145
MLA,NAP,75
MLA,PEG,95
MLA,SKG,95
MLA,VLC,140
MLA,SVQ,175
MLA,POZ,170
MLA,BVA,170
MLA,OPO,200
MLA,PSA,100
MLA,CIA,90
MLA,VNO,205
MAN,BGY,135
MAN,PMI,170
MAN,RHO,255
MAN,WRO,130
MAN,RIX,175
MAN,RZE,155
MAN,NAP,180
MAN,RAK,230
MAN,PMO,185
MAN,SKG,225
MAN,TFS,275
MAN,VLC,160
MAN,MRS,130
MAN,SVQ,180
MAN,NTE,90
MAN,WMI,170
MAN,SNN,70
MAN,OPO,150
MAN,TRF,130
MAN,RMU,175
MAN,TSF,140
MAN,CIA,175
RAK,XCR,210
RAK,BGY,195
RAK,TUF,175
RAK,NAP,200
RAK,SDR,135
RAK,VLC,115
RAK,SVQ,80
RAK,MRS,165
RAK,PGF,155
RAK,BVA,195
RAK,OPO,115
RAK,FNI,165
RAK,TSF,200
RAK,PSA,185
RAK,CIA,185
MRS,PMI,70
MRS,TUF,80
MRS,OZZ,165
MRS,TNG,130
MRS,ZAD,90
MRS,NAP,95
MRS,PMO,100
MRS,OUD,125
MRS,RBA,145
MRS,VLC,90
MRS,SVQ,120
MRS,NTE,85
MRS,FCO,80
MRS,NDR,125
MRS,OPO,120
MRS,PRG,120
MRS,CIA,85
FMM,PMI,120
FMM,SOF,120
FMM,TLV,230
FMM,OPO,155
FMM,ZAD,75
FMM,PMO,115
FMM,SKG,135
FMM,TFS,275
MAH,VLC,70
BGY,INI,110
BGY,TSR,110
BGY,PMI,110
BGY,SCQ,150
BGY,VIT,110
BGY,VIE,80
BGY,PMO,100
BGY,SDR,115
BGY,TFS,265
BGY,ZAZ,115
BGY,SOF,125
BGY,TPS,100
BGY,TRF,155
BGY,PSR,70
BGY,TLV,255
BGY,RHO,165
BGY,TLL,180
BGY,WRO,105
BGY,TNG,170
BGY,RIX,165
BGY,NAP,85
BGY,SKG,130
BGY,PFO,195
BGY,VLC,115
BGY,SVQ,160
BGY,POZ,105
BGY,WMI,125
BGY,OMR,110
BGY,BVA,90
BGY,OPO,155
BGY,PRG,85
BGY,VNO,150
MXP,VLC,115
MXP,SVQ,155
MXP,OPO,150
MXP,PMO,110
MXP,TFS,260
FMO,PMI,140
NDR,BVA,160
NTE,VLC,100
NTE,SVQ,120
NAP,TLS,120
NAP,WRO,125
NAP,SKG,90
NAP,VLC,125
NAP,SVQ,160
NAP,WMI,140
NCL,PMI,165
NCL,TFS,280
NCL,WRO,130
NUE,PMI,135
NUE,OPO,170
NUE,PMO,125
NUE,SKG,140
OSL,VNO,120
TRF,POZ,95
TRF,WMI,110
TRF,WRO,115
OUD,BVA,170
PMO,WRO,145
PMO,VRN,95
PMO,VLC,125
PMO,FCO,65
PMO,BVA,150
PMO,PSA,80
PMO,TRN,100
PMI,WRO,160
PMI,VIT,85
PMI,SCQ,110
PMI,VIE,150
PMI,SDR,90
PMI,ZAZ,65
PMI,VLC,60
PMI,SVQ,90
PMI,WMI,180
PMI,BVA,125
PMI,VLL,100
PMI,SNN,165
PMI,OPO,115
PMI,CIA,100
PFO,SOF,125
PFO,TLV,70
PFO,TLL,239
PFO,RIX,225
PFO,VIE,180
PFO,SKG,110
PFO,CIA,185
BVA,WRO,125
BVA,TNG,165
BVA,ZAD,120
BVA,VIE,120
BVA,SKG,190
BVA,TFS,250
BVA,ZAZ,105
BVA,RBA,175
BVA,VLC,125
BVA,SVQ,145
BVA,WMI,145
BVA,OPO,130
BVA,PRG,105
BVA,TSF,105
BVA,PSA,115
BVA,CIA,115
BVA,VNO,170
XCR,OPO,140
PSR,PRG,100
PSR,WMI,120
PSA,VIE,90
PSA,TFS,260
PSA,VLC,115
PSA,SVQ,145
PSA,WMI,130
PSA,TPS,90
PSA,PRG,90
TGD,WRO,105
PDL,OPO,150
OPO,TUF,115
OPO,TER,145
OPO,TFS,160
OPO,VLC,95
OPO,SVQ,80
OPO,WMI,235
OPO,TSF,170
OPO,CIA,155
POZ,CIA,125
PRG,RIX,110
PRG,ZAD,80
PRG,TSF,75
PRG,CIA,110
RBA,SVQ,60
RMI,WMI,115
CIA,WRO,120
CIA,SKG,100
CIA,VLC,115
CIA,SVQ,150
CIA,WMI,135
CIA,SOF,110
CIA,VNO,165
FCO,TLV,225
FCO,VIE,100
SDR,VLC,75
SCQ,VLC,95
SCQ,SVQ,85
SCQ,TFS,165
SVQ,TLS,105
SVQ,TNG,50
SVQ,VIT,80
SVQ,VIE,200
SVQ,TFS,140
SVQ,VLC,75
SVQ,TSF,175
SNN,WMI,170
SNN,WRO,180
SNN,TFS,255
SOF,TSF,110
TNG,VLC,80
TLV,SKG,155
TFS,VIE,315
TFS,VLC,185
TFS,WMI,355
TFS,TSF,275
SKG,WMI,130
TRS,VLC,140
TRN,VLC,105
VLC,VIE,160
VLC,WMI,205
VLC,TSF,130
TSF,WMI,110
TSF,VNO,140
